Role	Level	Layer	Animation	TotalFrame	TailLength	OffsetX	OffsetY	OffsetZ	Cos	Sin
Pet2YangonMd010011			Attack11	38	0.016667	[0, 0, 0, 0, 0, 0, 0, 0, 0, 0, 0, 0, 0, 0, 0, 0, 0, 0, 0, 0, 0, 0, 0, 0, 0, 0, 0, 0, 0, 0, 0, 0, 0, 0, 0, 0, 0, 0, 0]		[0, -0.0503, -0.087, -0.0848, -0.069, -0.0585, -0.048, -0.0375, -0.027, -0.0165, -0.006, 0.0597, 0.302, 0.5466, 0.672, 0.7322, 0.791, 0.8773, 0.956, 0.9818, 1.0081, 1.032, 1.0503, 1.06, 1.058, 1.0442, 1.0229, 1.0006, 0.9835, 0.9772, 0.9793, 0.9865, 0.9973, 1.0098, 1.0226, 1.0357, 1.0483, 1.0595, 1.063]	[1, 1, 1, 1, 1, 1, 1, 1, 1, 1, 1, 1, 1, 1, 1, 1, 1, 1, 1, 1, 1, 1, 1, 1, 1, 1, 1, 1, 1, 1, 1, 1, 1, 1, 1, 1, 1, 1, 1]	[0, 0, 0, 0, 0, 0, 0, 0, 0, 0, 0, 0, 0, 0, 0, 0, 0, 0, 0, 0, 0, 0, 0, 0, 0, 0, 0, 0, 0, 0, 0, 0, 0, 0, 0, 0, 0, 0, 0]
Pet2YangonMd010011			Born	3	0.033333	[0, 0, 0, 0]		[0, 0, 0, 0]	[1, 1, 1, 1]	[0, 0, 0, 0]
Pet2YangonMd010011			Stand1	3	0					
