Role	Level	Layer	Animation	TotalFrame	TailLength	OffsetX	OffsetY	OffsetZ	Cos	Sin
Pet2CiweionMd010011			Attack11	61	0.033333	[0, 0, 0, 0, 0, 0, 0, 0, 0, 0, 0, 0, 0, 0, 0, 0, 0, 0, 0, 0, 0, 0, 0, 0, 0, 0, 0, 0, 0, 0, 0, 0, 0, 0, 0, 0, 0, 0, 0, 0, 0, 0, 0, 0, 0, 0, 0, 0, 0, 0, 0, 0, 0, 0, 0, 0, 0, 0, 0, 0, 0, 0]		[0, 0, 0, 0.5326, 1.387, 1.468, 1.549, 1.5954, 1.643, 1.8147, 1.767, 1.5128, 1.668, 1.4546, 1.366, 1.2186, 1.169, 1.1351, 1.559, 3.1653, 3.876, 4.0528, 3.918, 4.0502, 3.918, 4.0502, 3.918, 4.0502, 3.918, 4.0502, 3.918, 4.0502, 3.918, 4.0502, 3.918, 4.0502, 3.918, 4.0502, 3.918, 4.0502, 3.918, 4.0502, 3.918, 4.0502, 3.918, 4.0502, 3.918, 4.0502, 3.918, 4.0502, 3.918, 4.0502, 3.918, 4.0502, 3.918, 4.0502, 3.918, 4.0502, 3.918, 4.0502, 3.918, 4.079]	[1, 1, 1, 1, 1, 1, 1, 1, 1, 1, 1, 1, 1, 1, 1, 1, 1, 1, 1, 1, 1, 1, 1, 1, 1, 1, 1, 1, 1, 1, 1, 1, 1, 1, 1, 1, 1, 1, 1, 1, 1, 1, 1, 1, 1, 1, 1, 1, 1, 1, 1, 1, 1, 1, 1, 1, 1, 1, 1, 1, 1, 1]	[0, 0, 0, 0, 0, 0, 0, 0, 0, 0, 0, 0, 0, 0, 0, 0, 0, 0, 0, 0, 0, 0, 0, 0, 0, 0, 0, 0, 0, 0, 0, 0, 0, 0, 0, 0, 0, 0, 0, 0, 0, 0, 0, 0, 0, 0, 0, 0, 0, 0, 0, 0, 0, 0, 0, 0, 0, 0, 0, 0, 0, 0]
Pet2CiweionMd010011			Attack12	27	0.033333	[0, 0, 0, 0, 0, 0, 0, 0, 0, 0, 0, 0, 0, 0, 0, 0, 0, 0, 0, 0, 0, 0, 0, 0, 0, 0, 0, 0]		[0, 0.0453, -0.131, 0.0282, -0.078, 0.0618, 0.079, 0.0424, 0.215, 0.0618, 0.264, 0.123, 0.252, 0.2166, 0.162, 0.2938, 0.151, 0.3582, 0.201, 0.3276, 0.318, 0.3039, 0.436, 0.2753, 0.47, 0.311, 0.386, 0.261]	[1, 1, 1, 1, 1, 1, 1, 1, 1, 1, 1, 1, 1, 1, 1, 1, 1, 1, 1, 1, 1, 1, 1, 1, 1, 1, 1, 1]	[0, 0, 0, 0, 0, 0, 0, 0, 0, 0, 0, 0, 0, 0, 0, 0, 0, 0, 0, 0, 0, 0, 0, 0, 0, 0, 0, 0]
Pet2CiweionMd010011			Attack13	3	0.033333	[0, 0, 0, 0]		[0, 0.1844, 0.326, 0.481]	[1, 1, 1, 1]	[0, 0, 0, 0]
