Role	Level	Layer	Animation	TotalFrame	TailLength	OffsetX	OffsetY	OffsetZ	Cos	Sin
Pet3XiaoonMd010011			Attack11	48	0.016667	[0, -3.5151, -3.248, -2.133, 0.161, 2.3796, 3.3, 3.3157, 2.338, 0.5782, -1.123, -2.4531, -3.043, -3.1302, -3.1865, -3.2191, -3.2373, -3.2503, -3.261, -3.2627, -3.2571, -3.2475, -3.237, -3.2221, -3.2019, -3.182, -3.168, -3.1613, -3.1579, -3.1552, -3.1513, -3.1472, -3.144, -3.1414, -3.14, -3.1411, -3.141, -3.1408, -3.144, -3.1451, -3.127, -3.1046, -3.078, -3.0437, -2.9984, -2.9333, -2.847, -2.7583, -2.73]		[0, 0.2586, 1.325, 2.347, 2.991, 2.3069, 0.599, -1.5115, -3.028, -3.644, -3.369, -2.4365, -1.432, -0.7965, -0.4315, -0.1071, 0.1648, 0.3845, 0.544, 0.6277, 0.66, 0.675, 0.7039, 0.74, 0.7671, 0.787, 0.802, 0.8137, 0.8226, 0.8292, 0.833, 0.8366, 0.852, 0.9184, 0.951, 0.9945, 1.0832, 1.1864, 1.328, 1.4831, 1.538, 1.5591, 1.5633, 1.5543, 1.5344, 1.4744, 1.3764, 1.3462, 1.358]	[1, 0.991844, 0.732624, -0.309189, 0.526649, -0.989543, -0.859603, -0.366864, 0.218784, 0.666353, 0.677692, 0.262607, 0.604383, 0.790742, 0.907086, 0.96885, 0.993282, 0.999724, 0.999309, 0.99737, 0.995978, 0.995648, 0.996219, 0.997785, 0.999385, 0.999979, 0.999971, 0.999952, 0.999983, 1, 1, 1, 1, 1, 1, 1, 0.999989, 0.999522, 0.994682, 0.971643, 0.931969, 0.879013, 0.814266, 0.738625, 0.650472, 0.530264, 0.380237, 0.292831, 0.286646]	[0, 0.127459, 0.680634, 0.951001, 0.850083, 0.14424, -0.510963, -0.930275, -0.975773, -0.745636, -0.735346, -0.964903, -0.796694, -0.61215, -0.420945, -0.247649, -0.115722, -0.023507, 0.037171, 0.072485, 0.089602, 0.093192, 0.086877, 0.066522, 0.035078, 0.006479, -0.00761, -0.009812, -0.005759, -0.000868, 0.000692, 0.00063, 0, -0.000142, 0.000269, 0.000368, 0.004708, 0.030923, 0.102995, 0.236452, 0.362538, 0.476797, 0.580492, 0.674116, 0.75953, 0.847833, 0.924889, 0.956164, 0.958037]
Pet3XiaoonMd010011			Born	1	0.033333	[0, 0]		[0, 0]	[1, 1]	[0, 0]
Pet3XiaoonMd010011			Stand2	1	0					
