Role	Level	Layer	Animation	TotalFrame	TailLength	OffsetX	OffsetY	OffsetZ	Cos	Sin
Pet3HuonMd010011			Attack11	40	0	[0, 0, 0, 0, 0, 0, 0, 0, 0, 0, 0, 0, 0, 0, 0, 0, 0, 0, 0, 0, 0, 0, 0, 0, 0, 0, 0, 0, 0, 0, 0, 0, 0, 0, 0, 0, 0, 0, 0, 0, 0]		[0, 1.0951, 2.162, 3.097, 4.428, 4.7172, 4.931, 5.063, 5.0602, 5.0652, 5.0706, 5.076, 5.0815, 5.0867, 5.0919, 5.097, 5.1021, 5.1071, 5.112, 5.116, 5.118, 5.1186, 5.1191, 5.1195, 5.1198, 5.1201, 5.1202, 5.1202, 5.1202, 5.1202, 5.1201, 5.12, 5.1198, 5.1196, 5.1195, 5.1193, 5.1192, 5.1191, 5.119, 5.119, 5.119]	[1, 1, 1, 1, 1, 1, 1, 1, 1, 1, 1, 1, 1, 1, 1, 1, 1, 1, 1, 1, 1, 1, 1, 1, 1, 1, 1, 1, 1, 1, 1, 1, 1, 1, 1, 1, 1, 1, 1, 1, 1]	[0, 0, 0, 0, 0, 0, 0, 0, 0, 0, 0, 0, 0, 0, 0, 0, 0, 0, 0, 0, 0, 0, 0, 0, 0, 0, 0, 0, 0, 0, 0, 0, 0, 0, 0, 0, 0, 0, 0, 0, 0]
Pet3HuonMd010011			Attack12	24	0.016667	[0, 0.0113, 0.063, 0.1356, 0.1978, 0.2566, 0.3194, 0.3941, 0.488, 0.6587, 0.88, 1.0554, 1.0705, 1.081, 1.077, 1.0727, 1.0677, 1.0621, 1.056, 1.0494, 1.0427, 1.0358, 1.029, 1.0222, 1.02]		[0, -0.0081, -0.167, -0.5003, -0.8734, -1.2465, -1.6405, -2.0737, -2.563, -3.2706, -4.21, -5.2683, -5.2682, -5.3035, -5.314, -5.3242, -5.3331, -5.3411, -5.3485, -5.3554, -5.3621, -5.369, -5.3763, -5.3842, -5.387]	[1, 1, 1, 1, 1, 1, 1, 1, 1, 1, 1, 1, 1, 1, 1, 1, 1, 1, 1, 1, 1, 1, 1, 1, 1]	[0, 0, 0, 0, 0, 0, 0, 0, 0, 0, 0, 0, 0, 0, 0, 0, 0, 0, 0, 0, 0, 0, 0, 0, 0]
Pet3HuonMd010011			Attack13	29	0.033333	[0, 0.0081, 0.113, 0.1777, 0.237, 0.3216, 0.423, 0.5249, 0.88, 1.0471, 1.033, 0.9306, 0.62, 0.4177, 0.284, 0.1249, -0.041, -0.219, -0.395, -0.5093, -0.501, -0.4738, -0.4385, -0.4023, -0.373, -0.3572, -0.355, -0.3637, -0.375, -0.38]		[0, 0.0051, -0.378, -0.75, -1.12, -1.6469, -2.23, -2.7261, -4.21, -5.2935, -5.387, -4.5656, -2.059, -0.3177, 0.771, 1.7608, 2.718, 3.6108, 4.45, 5.1302, 5.429, 5.5222, 5.5759, 5.6044, 5.623, 5.6408, 5.65, 5.6452, 5.637, 5.635]	[1, 1, 1, 1, 1, 1, 1, 1, 1, 1, 1, 1, 1, 1, 1, 1, 1, 1, 1, 1, 1, 1, 1, 1, 1, 1, 1, 1, 1, 1]	[0, 0, 0, 0, 0, 0, 0, 0, 0, 0, 0, 0, 0, 0, 0, 0, 0, 0, 0, 0, 0, 0, 0, 0, 0, 0, 0, 0, 0, 0]
Pet3HuonMd010011			Born	1	0.033333	[0, 0]		[0, 0]	[1, 1]	[0, 0]
Pet3HuonMd010011			Stand1	1	0.033333	[0, 0]		[0, 0]	[1, 1]	[0, 0]
