Role	Level	Layer	Animation	TotalFrame	TailLength	OffsetX	OffsetY	OffsetZ	Cos	Sin
Pet3HeonMd010011			Attack11	66	0.016667	[0, 0, 0, 0, 0, 0, 0, 0, 0, 0, 0, 0, 0, 0, 0, 0, 0, 0, 0, 0, 0, 0, 0, 0, 0, 0, 0, 0, 0, 0, 0, 0, 0, 0, 0, 0, 0, 0, 0, 0, 0, 0, 0, 0, 0, 0, 0, 0, 0, 0, 0, 0, 0, 0, 0, 0, 0, 0, 0, 0, 0, 0, 0, 0, 0, 0, 0]		[0, -0.0315, 0.918, 2.3732, 3.0886, 3.7347, 4.3982, 5.0694, 5.6887, 6.1972, 6.5498, 6.7734, 6.902, 6.957, 6.991, 7.0698, 7.207, 7.326, 7.427, 7.5214, 7.602, 7.6607, 7.707, 7.7455, 7.7777, 7.805, 7.8291, 7.8512, 7.8712, 7.8876, 7.8996, 7.9089, 7.9174, 7.9268, 7.939, 7.9562, 7.9836, 8.0157, 8.0397, 8.0549, 8.0663, 8.0757, 8.0843, 8.0935, 8.1048, 8.1192, 8.1357, 8.1508, 8.1606, 8.1649, 8.168, 8.173, 8.178, 8.1756, 8.171, 8.1669, 8.165, 8.1663, 8.1673, 8.1683, 8.1694, 8.1706, 8.172, 8.1735, 8.175, 8.1761, 8.176]	[1, 1, 1, 1, 1, 1, 1, 1, 1, 1, 1, 1, 1, 1, 1, 1, 1, 1, 1, 1, 1, 1, 1, 1, 1, 1, 1, 1, 1, 1, 1, 1, 1, 1, 1, 1, 1, 1, 1, 1, 1, 1, 1, 1, 1, 1, 1, 1, 1, 1, 1, 1, 1, 1, 1, 1, 1, 1, 1, 1, 1, 1, 1, 1, 1, 1, 1]	[0, 0, 0, 0, 0, 0, 0, 0, 0, 0, 0, 0, 0, 0, 0, 0, 0, 0, 0, 0, 0, 0, 0, 0, 0, 0, 0, 0, 0, 0, 0, 0, 0, 0, 0, 0, 0, 0, 0, 0, 0, 0, 0, 0, 0, 0, 0, 0, 0, 0, 0, 0, 0, 0, 0, 0, 0, 0, 0, 0, 0, 0, 0, 0, 0, 0, 0]
Pet3HeonMd010011			Born	1	0.033333	[0, 0]		[0, 0]	[1, 1]	[0, 0]
Pet3HeonMd010011			Stand2	1	0					
