Role	Level	Layer	Animation	TotalFrame	TailLength	OffsetX	OffsetY	OffsetZ	Cos	Sin
Pet3MaoonMd010011			Attack11	38	0.016667	[0, 0, 0, 0, 0, 0, 0, 0, 0, 0, 0, 0, 0, 0, 0, 0, 0, 0, 0, 0, 0, 0, 0, 0, 0, 0, 0, 0, 0, 0, 0, 0, 0, 0, 0, 0, 0, 0, 0]		[0, 0, 0, 0, 0, 0, 0, 0, 0, 0, 0, 0, 0, 0, 0, 0, 0, 0, 0, 0, 0, 0, 0, 0, 0, 0, 0, 0, 0, 0, 0, 0, 0, 0, 0, 0, 0, 0, 0]	[1, 1, 1, 1, 1, 1, 1, 1, 1, 1, 1, 1, 1, 1, 1, 1, 1, 1, 1, 1, 1, 1, 1, 1, 1, 1, 1, 1, 1, 1, 1, 1, 1, 1, 1, 1, 1, 1, 1]	[0, 0, 0, 0, 0, 0, 0, 0, 0, 0, 0, 0, 0, 0, 0, 0, 0, 0, 0, 0, 0, 0, 0, 0, 0, 0, 0, 0, 0, 0, 0, 0, 0, 0, 0, 0, 0, 0, 0]
Pet3MaoonMd010011			Attack12	27	0	[0, -0.0307, -0.0618, -0.0931, -0.1245, -0.1561, -0.1878, -0.2195, -0.2518, -0.2782, -0.284, -0.2297, -0.253, -0.3115, -0.351, -0.1872, 0.62, 1.4393, 1.515, 1.5436, 1.544, 1.5542, 1.5645, 1.5793, 1.6021, 1.6291, 1.655]		[0, -0.0127, -0.0249, -0.0377, -0.0519, -0.0687, -0.0889, -0.1136, -0.1477, -0.2152, -0.304, -0.4016, -0.372, -0.2857, -0.217, -0.4543, -1.65, -2.9307, -3.029, -3.0693, -3.068, -3.0827, -3.0983, -3.1203, -3.1529, -3.1912, -3.229]	[1, 1, 1, 1, 1, 1, 1, 1, 1, 1, 1, 1, 1, 1, 1, 1, 1, 1, 1, 1, 1, 1, 1, 1, 1, 1, 1]	[0, 0, 0, 0, 0, 0, 0, 0, 0, 0, 0, 0, 0, 0, 0, 0, 0, 0, 0, 0, 0, 0, 0, 0, 0, 0, 0]
Pet3MaoonMd010011			Born	4	0.016667	[0, 0, 0, 0, 0]		[0, 0, 0, 0, 0]	[1, 1, 1, 1, 1]	[0, 0, 0, 0, 0]
Pet3MaoonMd010011			Stand1	4	0					
