Role	Level	Layer	Animation	TotalFrame	TailLength	OffsetX	OffsetY	OffsetZ	Cos	Sin
Pet3YuonMd010011			Born	3	0.033333	[0, 0, 0, 0]		[0, 0, 0, 0]	[1, 1, 1, 1]	[0, 0, 0, 0]
Pet3YuonMd010011			Stand1	3	0					
Pet3YuonMd010011			Attack11	34	0.016667	[0, 0, 0, 0, 0, 0, 0, 0, 0, 0, 0, 0, 0, 0, 0, 0, 0, 0, 0, 0, 0, 0, 0, 0, 0, 0, 0, 0, 0, 0, 0, 0, 0, 0, 0]		[0, 0.177, 0.534, 1.0446, 1.706, 2.5699, 3.624, 4.9649, 6.541, 8.1445, 9.775, 11.1169, 11.876, 12.4395, 12.85, 13.1164, 13.321, 13.4795, 13.653, 13.9466, 14.358, 15.1851, 17.037, 19.2354, 20.364, 20.8002, 20.9595, 21.053, 21.2164, 21.3919, 21.5607, 21.712, 21.8351, 21.9194, 21.937]	[1, 1, 1, 1, 1, 1, 1, 1, 1, 1, 1, 1, 1, 1, 1, 1, 1, 1, 1, 1, 1, 1, 1, 1, 1, 1, 1, 1, 1, 1, 1, 1, 1, 1, 1]	[0, 0, 0, 0, 0, 0, 0, 0, 0, 0, 0, 0, 0, 0, 0, 0, 0, 0, 0, 0, 0, 0, 0, 0, 0, 0, 0, 0, 0, 0, 0, 0, 0, 0, 0]
