Role	Level	Layer	Animation	TotalFrame	TailLength	OffsetX	OffsetY	OffsetZ	Cos	Sin
Pet3YingonMd010011			Attack11	31	0.033333	[0, 0, 0, 0, 0, 0, 0, 0, 0, 0, 0, 0, 0, 0, 0, 0, 0, 0, 0, 0, 0, 0, 0, 0, 0, 0, 0, 0, 0, 0, 0, 0]		[0, 0.0212, 0.048, 0.0596, 0.069, 0.0766, 0.064, -0.0063, -0.089, -0.0972, -0.066, 0.0159, 0.198, 0.5672, 1.068, 1.5536, 2.028, 2.5092, 2.976, 3.3781, 3.689, 4.1968, 4.817, 5.5757, 6.3995, 7.1434, 7.7437, 8.2549, 8.7317, 9.1933, 9.6515, 9.961]	[1, 1, 1, 1, 1, 1, 1, 1, 1, 1, 1, 1, 1, 1, 1, 1, 1, 1, 1, 1, 1, 1, 1, 1, 1, 1, 1, 1, 1, 1, 1, 1]	[0, 0, 0, 0, 0, 0, 0, 0, 0, 0, 0, 0, 0, 0, 0, 0, 0, 0, 0, 0, 0, 0, 0, 0, 0, 0, 0, 0, 0, 0, 0, 0]
Pet3YingonMd010011			Born	4	0.016667	[0, 0, 0, 0, 0]		[0, 0, 0, 0, 0]	[1, 1, 1, 1, 1]	[0, 0, 0, 0, 0]
Pet3YingonMd010011			Stand1	4	0					
