Role	Level	Layer	Animation	TotalFrame	TailLength	OffsetX	OffsetY	OffsetZ	Cos	Sin
R3KalieninaflyMd010011			Attack01	19	0	[0, 0, 0, 0, 0, 0, 0, 0, 0, 0, 0, 0, 0, 0, 0, 0, 0, 0, 0, 0]		[0, 0.0845, 0.178, 0.232, 0.255, 0.2545, 0.234, 0.0705, -0.088, -0.096, -0.098, -0.0845, -0.061, -0.044, -0.031, -0.0195, -0.01, -0.0025, 0, 0]	[1, 1, 1, 1, 1, 1, 1, 1, 1, 1, 1, 1, 1, 1, 1, 1, 1, 1, 1, 1]	[0, 0, 0, 0, 0, 0, 0, 0, 0, 0, 0, 0, 0, 0, 0, 0, 0, 0, 0, 0]
R3KalieninaflyMd010011			Attack02	28	0.016667	[0, 0, 0, 0, 0, 0, 0, 0, 0, 0, 0, 0, 0, 0, 0, 0, 0, 0, 0, 0, 0, 0, 0, 0, 0, 0, 0, 0, 0]		[0, 0.0845, 0.178, 0.232, 0.255, 0.258, 0.254, 0.25, 0.247, 0.244, 0.241, 0.2385, 0.236, 0.2345, 0.234, 0.195, -0.162, -0.1755, -0.183, -0.184, -0.168, -0.1265, -0.088, -0.061, -0.04, -0.0215, -0.008, -0.001, 0]	[1, 1, 1, 1, 1, 1, 1, 1, 1, 1, 1, 1, 1, 1, 1, 1, 1, 1, 1, 1, 1, 1, 1, 1, 1, 1, 1, 1, 1]	[0, 0, 0, 0, 0, 0, 0, 0, 0, 0, 0, 0, 0, 0, 0, 0, 0, 0, 0, 0, 0, 0, 0, 0, 0, 0, 0, 0, 0]
R3KalieninaflyMd010011			Born	27	0.033333	[0, 0, 0, 0, 0, 0, 0, 0, 0, 0, 0, 0, 0, 0, 0, 0, 0, 0, 0, 0, 0, 0, 0, 0, 0, 0, 0, 0]		[0, 0, 0, 0, 0, 0, 0, 0, 0, 0, 0, 0, 0, 0, 0, 0.019, 0.022, 0.0195, 0.017, 0.0145, 0.012, 0.01, 0.008, 0.006, 0.004, 0.0015, 0, 0]	[1, 1, 1, 1, 1, 1, 1, 1, 1, 1, 1, 1, 1, 1, 1, 1, 1, 1, 1, 1, 1, 1, 1, 1, 1, 1, 1, 1]	[0, 0, 0, 0, 0, 0, 0, 0, 0, 0, 0, 0, 0, 0, 0, 0, 0, 0, 0, 0, 0, 0, 0, 0, 0, 0, 0, 0]
R3KalieninaflyMd010011			Death	27	0	[0, 0, 0, 0, 0, 0, 0, 0, 0, 0, 0, 0, 0, 0, 0, 0, 0, 0, 0, 0, 0, 0, 0, 0, 0, 0, 0, 0]		[0, -0.005, -0.05, -0.1485, -0.212, -0.251, -0.289, -0.353, -0.432, -0.432, -0.432, -0.432, -0.432, -0.432, -0.432, -0.432, -0.432, -0.432, -0.432, -0.432, -0.432, -0.432, -0.432, -0.432, -0.432, -0.432, -0.432, -0.432]	[1, 1, 1, 1, 1, 1, 1, 1, 1, 1, 1, 1, 1, 1, 1, 1, 1, 1, 1, 1, 1, 1, 1, 1, 1, 1, 1, 1]	[0, 0, 0, 0, 0, 0, 0, 0, 0, 0, 0, 0, 0, 0, 0, 0, 0, 0, 0, 0, 0, 0, 0, 0, 0, 0, 0, 0]
R3KalieninaflyMd010011			Run	27	0					
R3KalieninaflyMd010011			Stand2	27	0					
