Role	Animation	Bone	Layer	OffsetX	OffsetY	OffsetZ	Cos	Sin
R5LifuMd010011	Attack64	WeaponCase1	1	[-0.1145, -0.0941, -0.1123, 0.0187, -0.115, 0.2648, -0.1166, -0.047, -0.1098, -0.0863, -0.1126, -0.1137, -0.1107, -0.1118, -0.1182, -0.1128, -0.1174, -0.1157, -0.1168, -1.4197]		[-3.0439, -2.6712, -2.528, -1.1327, 0.6583, 3.0258, 5.3186, 5.9295, 6.3945, 6.6271, 6.8912, 6.9786, 7.0291, 7.0102, 7.005, 6.946, 6.9026, 6.8137, 6.7462, 4.5733]	[0.979728, 0.979504, 0.978565, 0.98079, 0.978942, 0.980098, 0.980148, 0.979692, 0.97953, 0.979155, 0.978963, 0.979658, 0.980428, 0.980442, 0.980451, 0.98044, 0.980409, 0.979912, 0.980156, -0.939135]	[-0.200334, -0.201425, -0.205938, -0.195068, -0.204141, -0.198516, -0.198267, -0.200511, -0.201298, -0.203113, -0.204039, -0.200674, -0.196879, -0.196807, -0.196764, -0.196817, -0.196974, -0.199432, -0.198227, -0.343548]
R5LifuMd010011	Attack65	WeaponCase1	1	[-0.1168, -0.8075, 0.543, 0.6079, 0.6295, 0.6064, 0.556, 0.4826, 0.3988, 0.3123, 0.2334, 0.1737, 0.1349, 0.1188, 0.1025, 0.0864, 0.0726, 0.0626, 0.0525, 0.0386, 0.0257, 0.016, 0.0088, 0.0019, -0.0058, -0.0121, -0.0244, -0.0351, -0.0451, -0.0549, -0.0583]		[6.7462, 1.9802, -0.873, -1.1728, -1.3645, -1.4477, -1.4619, -1.4147, -1.3363, -1.2429, -1.158, -1.1068, -1.1024, -1.1305, -1.1472, -1.1337, -1.1325, -1.1289, -1.1337, -1.1374, -1.1484, -1.1609, -1.1764, -1.1916, -1.208, -1.2223, -1.2332, -1.2393, -1.2451, -1.2495, -1.2507]	[0.980158, -0.835402, -0.8256, -0.824348, -0.824409, -0.825066, -0.82581, -0.826379, -0.826751, -0.826941, -0.827205, -0.827745, -0.827369, -0.825497, -0.824424, -0.822049, -0.820988, -0.817876, -0.815198, -0.811961, -0.810083, -0.807104, -0.80571, -0.803499, -0.802413, -0.801552, -0.802477, -0.801657, -0.794102, -0.789519, 0.853302]	[-0.198218, -0.54964, -0.564255, -0.566084, -0.565995, -0.565037, -0.563949, -0.563115, -0.562568, -0.562288, -0.5619, -0.561105, -0.561658, -0.564407, -0.565973, -0.569417, -0.570945, -0.575395, -0.579182, -0.583712, -0.586315, -0.590409, -0.59231, -0.595306, -0.59677, -0.597926, -0.596684, -0.597785, -0.607785, -0.613726, 0.521416]
