Id	XList	YList	InTangentList	OutTangentList
10623001	[0, 0.4610656, 1]	[0, 0.02404869, 1]	[0, 0.1624736, 4.676826]	[0, 0.1624736, 4.676826]
