Id	XList	YList	InTangentList	OutTangentList
877501	[0, 0.2300652, 0.7314445, 1]	[0, 0.722873, 0.6141711, 1]	[0, 1.217392, 0.2112106, 2]	[0, 1.217392, 0.2112106, 2]
