Id	XList	YList	InTangentList	OutTangentList
101	[0, 0.294956, 0.5574023, 0.8302121, 1]	[0, 0.4599718, 0.4157718, 0.4121207, 1]	[0, 0.9273732, -4.464266, 1.296313, 2]	[0, 0.9273732, -4.464266, 1.296313, 2]
