Id	XList	YList	InTangentList	OutTangentList
877852	[0, 0.1885613, 0.7366325, 1]	[0, 0.7169678, 0.3917285, 1]	[0, 1.217392, 0.2112106, 2]	[0, 1.217392, 0.2112106, 2]
