Id	XList	YList	InTangentList	OutTangentList
505015005	[0, 0.1530205, 1]	[0, 0.9741173, 1]	[3.936643, 6.365928, 0.03055885]	[6.365928, 0.03055885, 0.01253515]
